{
  "name": "online-store",
  "version": "0.1.0",
  "private": true,
  "scripts": {
    "dev": "next dev",
    "build": "next build",
    "start": "next start",
    "lint": "next lint"
  },
  "dependencies": {
    "@babel/core": "^7.17.9",
    "@sanity/client": "^3.2.0",
    "@sanity/image-url": "^1.0.1",
    "@stripe/stripe-js": "^1.25.0",
    "canvas-confetti": "^1.5.1",
    "next": "12.1.0",
    "next-sanity-image": "^3.2.1",
    "react": "17.0.2",
    "react-dom": "17.0.2",
    "react-hot-toast": "^2.2.0",
    "react-icons": "^4.3.1",
    "stripe": "^8.209.0"
  },
  "devDependencies": {
    "eslint": "8.17.0",
    "eslint-config-next": "12.1.6"
  }
}
